Workbook

Sheet Sheet1
B1: 1 | C1: 2 | D1: 3 | E1: 4 | F1: 5 | G1: 6 | H1: 7 | I1: 8 | J1: 9 | K1: 10 | L1: 11 | M1: 12
A2: A | B2: 300 | C2: 174 | D2: 145 | E2: 195 | F2: 222 | G2: 277 | H2: 349 | I2: 341 | J2: 259 | K2: 313 | L2: 250 | M2: 307 | O2: copy-paste from raw txt to left
A3: B | B3: 344 | C3: 214 | D3: 140 | E3: 196 | F3: 243 | G3: 292 | H3: 436 | I3: 338 | J3: 276 | K3: 272 | L3: 270 | M3: 312
A4: C | B4: 373 | C4: 212 | D4: 209 | E4: 202 | F4: 234 | G4: 331 | H4: 389 | I4: 341 | J4: 326 | K4: 358 | L4: 318 | M4: 369
A5: D | B5: 506 | C5: 190 | D5: 149 | E5: 263 | F5: 325 | G5: 321 | H5: 374 | I5: 372 | J5: 341 | K5: 334 | L5: 333 | M5: 385
A6: E | B6: 358 | C6: 265 | D6: 209 | E6: 282 | F6: 487 | G6: 421 | H6: 454 | I6: 398 | J6: 335 | K6: 441 | L6: 343 | M6: 334
A7: F | B7: 565 | C7: 162 | D7: 158 | E7: 364 | F7: 435 | G7: 425 | H7: 497 | I7: 476 | J7: 352 | K7: 474 | L7: 327 | M7: 413
A8: G | B8: 361 | C8: 176 | D8: 161 | E8: 261 | F8: 262 | G8: 387 | H8: 430 | I8: 380 | J8: 314 | K8: 375 | L8: 396 | M8: 422
A9: H | B9: 352 | C9: 197 | D9: 149 | E9: 279 | F9: 280 | G9: 394 | H9: 502 | I9: 347 | J9: 337 | K9: 446 | L9: 395 | M9: 353
A11: assay date | B11: 45303
A12: color to right | B12: blue | D12: 106.5 | E12: Ci/pmol
A13: Plate # | B13: 1 | D13: =D12*2200*0.53 -> 124179 | E13: cpm/pmol
A14: cell info, initials etc | B14: comment 1 | D14: 0.5 | E14: ml vol
A15: comment | B15: comment 2
A17: copy-paste radioactivity counts anywhere in box to right
A19: Drug 1 name below | D19: 4686 | E19: 4674
A20: which drug | D20: 4677 | E20: 5084
D21: 5242 | E21: 4851
D22: 4932 | E22: 5120
B27: Set | C27: Set | D27: Set | E27: Set | F27: Set | G27: Set | H27: Set | I27: Set
B28: 1 | C28: 1 | D28: 2 | E28: 2 | F28: 3 | G28: 3 | H28: 4 | I28: 4
C29: in units log([drug]) | E29: in units log([drug]) | G29: in units log([drug]) | I29: in units log([drug])
B30: Drug 1 name below | C30: Drug 1 top [ ] below | D30: Drug 2 name below | E30: Drug 2 top [ ] below | F30: Drug 3 name below | G30: Drug 3 top [ ] below | H30: Drug 4 name below | I30: Drug 4 top [ ] below
B31: Drug 1 | C31: =-6 -> -6 | D31: Drug 2 | E31: -5 | F31: Drug 3 | G31: -6 | H31: Drug 4 | I31: -7
B32: A | C32: B | D32: C | E32: D | F32: E | G32: F | H32: G | I32: H
A33: 1 | B33: =B2 -> 300 | C33: =B3 -> 344 | D33: =B4 -> 373 | E33: =B5 -> 506 | F33: =B6 -> 358 | G33: =B7 -> 565 | H33: =B8 -> 361 | I33: =B9 -> 352 | J33: DO NOT MODIFY
A34: 2 | B34: =C2 -> 174 | C34: =C3 -> 214 | D34: =C4 -> 212 | E34: =C5 -> 190 | F34: =C6 -> 265 | G34: =C7 -> 162 | H34: =C8 -> 176 | I34: =C9 -> 197
A35: 3 | B35: =D2 -> 145 | C35: =D3 -> 140 | D35: =D4 -> 209 | E35: =D5 -> 149 | F35: =D6 -> 209 | G35: =D7 -> 158 | H35: =D8 -> 161 | I35: =D9 -> 149
A36: 4 | B36: =E2 -> 195 | C36: =E3 -> 196 | D36: =E4 -> 202 | E36: =E5 -> 263 | F36: =E6 -> 282 | G36: =E7 -> 364 | H36: =E8 -> 261 | I36: =E9 -> 279
A37: 5 | B37: =F2 -> 222 | C37: =F3 -> 243 | D37: =F4 -> 234 | E37: =F5 -> 325 | F37: =F6 -> 487 | G37: =F7 -> 435 | H37: =F8 -> 262 | I37: =F9 -> 280
A38: 6 | B38: =G2 -> 277 | C38: =G3 -> 292 | D38: =G4 -> 331 | E38: =G5 -> 321 | F38: =G6 -> 421 | G38: =G7 -> 425 | H38: =G8 -> 387 | I38: =G9 -> 394
A39: 7 | B39: =H2 -> 349 | C39: =H3 -> 436 | D39: =H4 -> 389 | E39: =H5 -> 374 | F39: =H6 -> 454 | G39: =H7 -> 497 | H39: =H8 -> 430 | I39: =H9 -> 502
A40: 8 | B40: =I2 -> 341 | C40: =I3 -> 338 | D40: =I4 -> 341 | E40: =I5 -> 372 | F40: =I6 -> 398 | G40: =I7 -> 476 | H40: =I8 -> 380 | I40: =I9 -> 347
A41: 9 | B41: =J2 -> 259 | C41: =J3 -> 276 | D41: =J4 -> 326 | E41: =J5 -> 341 | F41: =J6 -> 335 | G41: =J7 -> 352 | H41: =J8 -> 314 | I41: =J9 -> 337
A42: 10 | B42: =K2 -> 313 | C42: =K3 -> 272 | D42: =K4 -> 358 | E42: =K5 -> 334 | F42: =K6 -> 441 | G42: =K7 -> 474 | H42: =K8 -> 375 | I42: =K9 -> 446
A43: 11 | B43: =L2 -> 250 | C43: =L3 -> 270 | D43: =L4 -> 318 | E43: =L5 -> 333 | F43: =L6 -> 343 | G43: =L7 -> 327 | H43: =L8 -> 396 | I43: =L9 -> 395
A44: 12 | B44: =M2 -> 307 | C44: =M3 -> 312 | D44: =M4 -> 369 | E44: =M5 -> 385 | F44: =M6 -> 334 | G44: =M7 -> 413 | H44: =M8 -> 422 | I44: =M9 -> 353

Sheet AB
A1: Date expt | B1: =Sheet1!B11 -> 45303 | E1: =Sheet1!D12 -> 106.5 | F1: Ci/pmol
E2: =Sheet1!D13 -> 124179 | F2: cpm/pmol
E3: =Sheet1!D14 -> 0.5 | F3: ml vol
E4: =AVERAGE(Sheet1!B17:M24)*10 -> 49082.5 | F4: cpm added | G4: 5 ul of drug
A5: =Sheet1!B14 -> comment 1 | E5: =E4/(E3*E2) -> 0.79051208 | F5: nM
A6: =Sheet1!B15 -> comment 2
A7: =Sheet1!B12 -> blue
A8: Plate # | B8: Set #
A9: =Sheet1!B13 -> 1 | B9: =Sheet1!B28 -> 1
D10: average | E10: specific | F10: [drug] | G10: log [drug] | H10: % total
A11: DRUG NAME | B11: =Sheet1!B33 -> 300 | C11: =Sheet1!C33 -> 344 | H11: =J14*100/$J$14 -> 100 | L11: Plate totals | M11: Plate NSB
A12: =Sheet1!B31 -> Drug 1 | B12: =Sheet1!B34 -> 174 | C12: =Sheet1!C34 -> 214 | L12: =Sheet1!B2 -> 300 | M12: =Sheet1!C2 -> 174
B13: =Sheet1!B35 -> 145 | C13: =Sheet1!C35 -> 140 | D13: =AVERAGE(B13:C13) -> 142.5 | E13: =D13-$J$18 -> -56.25 | F13: =10^G13 -> 1e-06 | G13: =Sheet1!C31 -> -6 | H13: =E13*100/$J$16 -> -31.31524 | J13: Average Specific | L13: =Sheet1!B3 -> 344 | M13: =Sheet1!C3 -> 214
B14: =Sheet1!B36 -> 195 | C14: =Sheet1!C36 -> 196 | D14: =AVERAGE(B14:C14) -> 195.5 | E14: =D14-$J$18 -> -3.25 | F14: =10^G14 -> 3.1622777e-07 | G14: =G13-0.5 -> -6.5 | H14: =E14*100/$J$16 -> -1.809325 | J14: =AVERAGE(L12:L27) -> 378.375 | L14: =Sheet1!B4 -> 373 | M14: =Sheet1!C4 -> 212
B15: =Sheet1!B37 -> 222 | C15: =Sheet1!C37 -> 243 | D15: =AVERAGE(B15:C15) -> 232.5 | E15: =D15-$J$18 -> 33.75 | F15: =10^G15 -> 1e-07 | G15: =G14-0.5 -> -7 | H15: =E15*100/$J$16 -> 18.789144 | J15: Specific Bound | L15: =Sheet1!B5 -> 506 | M15: =Sheet1!C5 -> 190
B16: =Sheet1!B38 -> 277 | C16: =Sheet1!C38 -> 292 | D16: =AVERAGE(B16:C16) -> 284.5 | E16: =D16-$J$18 -> 85.75 | F16: =10^G16 -> 3.1622777e-08 | G16: =G15-0.5 -> -7.5 | H16: =E16*100/$J$16 -> 47.738344 | J16: =J14-J18 -> 179.625 | L16: =Sheet1!B6 -> 358 | M16: =Sheet1!C6 -> 265
B17: =Sheet1!B39 -> 349 | C17: =Sheet1!C39 -> 436 | D17: =AVERAGE(B17:C17) -> 392.5 | E17: =D17-$J$18 -> 193.75 | F17: =10^G17 -> 1e-08 | G17: =G16-0.5 -> -8 | H17: =E17*100/$J$16 -> 107.8636 | J17: Average NSB | L17: =Sheet1!B7 -> 565 | M17: =Sheet1!C7 -> 162
B18: =Sheet1!B40 -> 341 | C18: =Sheet1!C40 -> 338 | D18: =AVERAGE(B18:C18) -> 339.5 | E18: =D18-$J$18 -> 140.75 | F18: =10^G18 -> 3.1622777e-09 | G18: =G17-0.5 -> -8.5 | H18: =E18*100/$J$16 -> 78.35769 | J18: =AVERAGE(M12:M19) -> 198.75 | L18: =Sheet1!B8 -> 361 | M18: =Sheet1!C8 -> 176
B19: =Sheet1!B41 -> 259 | C19: =Sheet1!C41 -> 276 | D19: =AVERAGE(B19:C19) -> 267.5 | E19: =D19-$J$18 -> 68.75 | F19: =10^G19 -> 1e-09 | G19: =G18-0.5 -> -9 | H19: =E19*100/$J$16 -> 38.274182 | L19: =Sheet1!B9 -> 352 | M19: =Sheet1!C9 -> 197
B20: =Sheet1!B42 -> 313 | C20: =Sheet1!C42 -> 272 | D20: =AVERAGE(B20:C20) -> 292.5 | E20: =D20-$J$18 -> 93.75 | F20: =10^G20 -> 3.1622777e-10 | G20: =G19-0.5 -> -9.5 | H20: =E20*100/$J$16 -> 52.192067 | L20: =Sheet1!M2 -> 307
B21: =Sheet1!B43 -> 250 | C21: =Sheet1!C43 -> 270 | D21: =AVERAGE(B21:C21) -> 260 | E21: =D21-$J$18 -> 61.25 | F21: =10^G21 -> 1e-10 | G21: =G20-0.5 -> -10 | H21: =E21*100/$J$16 -> 34.098817 | L21: =Sheet1!M3 -> 312
B22: =Sheet1!B44 -> 307 | C22: =Sheet1!C44 -> 312 | L22: =Sheet1!M4 -> 369
L23: =Sheet1!M5 -> 385
L24: =Sheet1!M6 -> 334
L25: =Sheet1!M7 -> 413
L26: =Sheet1!M8 -> 422
L27: =Sheet1!M9 -> 353

Sheet CD
A1: Date expt | B1: =Sheet1!B11 -> 45303 | E1: =Sheet1!D12 -> 106.5 | F1: Ci/pmol
E2: =Sheet1!D13 -> 124179 | F2: cpm/pmol
E3: =Sheet1!D14 -> 0.5 | F3: ml vol
E4: =AVERAGE(Sheet1!B17:M24)*10 -> 49082.5 | F4: cpm added | G4: 5 ul of drug
A5: =Sheet1!B14 -> comment 1 | E5: =E4/(E3*E2) -> 0.79051208 | F5: nM
A6: =Sheet1!B15 -> comment 2
A7: =Sheet1!B12 -> blue
A8: Plate # | B8: Set #
A9: =Sheet1!B13 -> 1 | B9: =Sheet1!B28 -> 1
D10: average | E10: specific | F10: [drug] | G10: log [drug] | H10: % total
A11: DRUG NAME | B11: =Sheet1!D33 -> 373 | C11: =Sheet1!E33 -> 506 | H11: =J14*100/$J$14 -> 100 | L11: Plate totals | M11: Plate NSB
A12: =Sheet1!D31 -> Drug 2 | B12: =Sheet1!D34 -> 212 | C12: =Sheet1!E34 -> 190 | L12: =Sheet1!B2 -> 300 | M12: =Sheet1!C2 -> 174
B13: =Sheet1!D35 -> 209 | C13: =Sheet1!E35 -> 149 | D13: =AVERAGE(B13:C13) -> 179 | E13: =D13-$J$18 -> -19.75 | F13: =10^G13 -> 1e-05 | G13: =Sheet1!E31 -> -5 | H13: =E13*100/$J$16 -> -10.995129 | J13: Average Specific | L13: =Sheet1!B3 -> 344 | M13: =Sheet1!C3 -> 214
B14: =Sheet1!D36 -> 202 | C14: =Sheet1!E36 -> 263 | D14: =AVERAGE(B14:C14) -> 232.5 | E14: =D14-$J$18 -> 33.75 | F14: =10^G14 -> 3.1622777e-06 | G14: =G13-0.5 -> -5.5 | H14: =E14*100/$J$16 -> 18.789144 | J14: =AVERAGE(L12:L27) -> 378.375 | L14: =Sheet1!B4 -> 373 | M14: =Sheet1!C4 -> 212
B15: =Sheet1!D37 -> 234 | C15: =Sheet1!E37 -> 325 | D15: =AVERAGE(B15:C15) -> 279.5 | E15: =D15-$J$18 -> 80.75 | F15: =10^G15 -> 1e-06 | G15: =G14-0.5 -> -6 | H15: =E15*100/$J$16 -> 44.954767 | J15: Specific Bound | L15: =Sheet1!B5 -> 506 | M15: =Sheet1!C5 -> 190
B16: =Sheet1!D38 -> 331 | C16: =Sheet1!E38 -> 321 | D16: =AVERAGE(B16:C16) -> 326 | E16: =D16-$J$18 -> 127.25 | F16: =10^G16 -> 3.1622777e-07 | G16: =G15-0.5 -> -6.5 | H16: =E16*100/$J$16 -> 70.842032 | J16: =J14-J18 -> 179.625 | L16: =Sheet1!B6 -> 358 | M16: =Sheet1!C6 -> 265
B17: =Sheet1!D39 -> 389 | C17: =Sheet1!E39 -> 374 | D17: =AVERAGE(B17:C17) -> 381.5 | E17: =D17-$J$18 -> 182.75 | F17: =10^G17 -> 1e-07 | G17: =G16-0.5 -> -7 | H17: =E17*100/$J$16 -> 101.73974 | J17: Average NSB | L17: =Sheet1!B7 -> 565 | M17: =Sheet1!C7 -> 162
B18: =Sheet1!D40 -> 341 | C18: =Sheet1!E40 -> 372 | D18: =AVERAGE(B18:C18) -> 356.5 | E18: =D18-$J$18 -> 157.75 | F18: =10^G18 -> 3.1622777e-08 | G18: =G17-0.5 -> -7.5 | H18: =E18*100/$J$16 -> 87.821851 | J18: =AVERAGE(M12:M19) -> 198.75 | L18: =Sheet1!B8 -> 361 | M18: =Sheet1!C8 -> 176
B19: =Sheet1!D41 -> 326 | C19: =Sheet1!E41 -> 341 | D19: =AVERAGE(B19:C19) -> 333.5 | E19: =D19-$J$18 -> 134.75 | F19: =10^G19 -> 1e-08 | G19: =G18-0.5 -> -8 | H19: =E19*100/$J$16 -> 75.017397 | L19: =Sheet1!B9 -> 352 | M19: =Sheet1!C9 -> 197
B20: =Sheet1!D42 -> 358 | C20: =Sheet1!E42 -> 334 | D20: =AVERAGE(B20:C20) -> 346 | E20: =D20-$J$18 -> 147.25 | F20: =10^G20 -> 3.1622777e-09 | G20: =G19-0.5 -> -8.5 | H20: =E20*100/$J$16 -> 81.97634 | L20: =Sheet1!M2 -> 307
B21: =Sheet1!D43 -> 318 | C21: =Sheet1!E43 -> 333 | D21: =AVERAGE(B21:C21) -> 325.5 | E21: =D21-$J$18 -> 126.75 | F21: =10^G21 -> 1e-09 | G21: =G20-0.5 -> -9 | H21: =E21*100/$J$16 -> 70.563674 | L21: =Sheet1!M3 -> 312
B22: =Sheet1!D44 -> 369 | C22: =Sheet1!E44 -> 385 | L22: =Sheet1!M4 -> 369
L23: =Sheet1!M5 -> 385
L24: =Sheet1!M6 -> 334
L25: =Sheet1!M7 -> 413
L26: =Sheet1!M8 -> 422
L27: =Sheet1!M9 -> 353

Sheet EF
A1: Date expt | B1: =Sheet1!B11 -> 45303 | E1: =Sheet1!D12 -> 106.5 | F1: Ci/pmol
E2: =Sheet1!D13 -> 124179 | F2: cpm/pmol
E3: =Sheet1!D14 -> 0.5 | F3: ml vol
E4: =AVERAGE(Sheet1!B17:M24)*10 -> 49082.5 | F4: cpm added | G4: 5 ul of drug
A5: =Sheet1!B14 -> comment 1 | E5: =E4/(E3*E2) -> 0.79051208 | F5: nM
A6: =Sheet1!B15 -> comment 2
A7: =Sheet1!B12 -> blue
A8: Plate # | B8: Set #
A9: =Sheet1!B13 -> 1 | B9: =Sheet1!B28 -> 1
D10: average | E10: specific | F10: [drug] | G10: log [drug] | H10: % total
A11: DRUG NAME | B11: =Sheet1!F33 -> 358 | C11: =Sheet1!G33 -> 565 | H11: =J14*100/$J$14 -> 100 | L11: Plate totals | M11: Plate NSB
A12: =Sheet1!F31 -> Drug 3 | B12: =Sheet1!F34 -> 265 | C12: =Sheet1!G34 -> 162 | L12: =Sheet1!B2 -> 300 | M12: =Sheet1!C2 -> 174
B13: =Sheet1!F35 -> 209 | C13: =Sheet1!G35 -> 158 | D13: =AVERAGE(B13:C13) -> 183.5 | E13: =D13-$J$18 -> -15.25 | F13: =10^G13 -> 1e-06 | G13: =Sheet1!G31 -> -6 | H13: =E13*100/$J$16 -> -8.4899095 | J13: Average Specific | L13: =Sheet1!B3 -> 344 | M13: =Sheet1!C3 -> 214
B14: =Sheet1!F36 -> 282 | C14: =Sheet1!G36 -> 364 | D14: =AVERAGE(B14:C14) -> 323 | E14: =D14-$J$18 -> 124.25 | F14: =10^G14 -> 3.1622777e-07 | G14: =G13-0.5 -> -6.5 | H14: =E14*100/$J$16 -> 69.171886 | J14: =AVERAGE(L12:L27) -> 378.375 | L14: =Sheet1!B4 -> 373 | M14: =Sheet1!C4 -> 212
B15: =Sheet1!F37 -> 487 | C15: =Sheet1!G37 -> 435 | D15: =AVERAGE(B15:C15) -> 461 | E15: =D15-$J$18 -> 262.25 | F15: =10^G15 -> 1e-07 | G15: =G14-0.5 -> -7 | H15: =E15*100/$J$16 -> 145.99861 | J15: Specific Bound | L15: =Sheet1!B5 -> 506 | M15: =Sheet1!C5 -> 190
B16: =Sheet1!F38 -> 421 | C16: =Sheet1!G38 -> 425 | D16: =AVERAGE(B16:C16) -> 423 | E16: =D16-$J$18 -> 224.25 | F16: =10^G16 -> 3.1622777e-08 | G16: =G15-0.5 -> -7.5 | H16: =E16*100/$J$16 -> 124.84342 | J16: =J14-J18 -> 179.625 | L16: =Sheet1!B6 -> 358 | M16: =Sheet1!C6 -> 265
B17: =Sheet1!F39 -> 454 | C17: =Sheet1!G39 -> 497 | D17: =AVERAGE(B17:C17) -> 475.5 | E17: =D17-$J$18 -> 276.75 | F17: =10^G17 -> 1e-08 | G17: =G16-0.5 -> -8 | H17: =E17*100/$J$16 -> 154.07098 | J17: Average NSB | L17: =Sheet1!B7 -> 565 | M17: =Sheet1!C7 -> 162
B18: =Sheet1!F40 -> 398 | C18: =Sheet1!G40 -> 476 | D18: =AVERAGE(B18:C18) -> 437 | E18: =D18-$J$18 -> 238.25 | F18: =10^G18 -> 3.1622777e-09 | G18: =G17-0.5 -> -8.5 | H18: =E18*100/$J$16 -> 132.63744 | J18: =AVERAGE(M12:M19) -> 198.75 | L18: =Sheet1!B8 -> 361 | M18: =Sheet1!C8 -> 176
B19: =Sheet1!F41 -> 335 | C19: =Sheet1!G41 -> 352 | D19: =AVERAGE(B19:C19) -> 343.5 | E19: =D19-$J$18 -> 144.75 | F19: =10^G19 -> 1e-09 | G19: =G18-0.5 -> -9 | H19: =E19*100/$J$16 -> 80.584551 | L19: =Sheet1!B9 -> 352 | M19: =Sheet1!C9 -> 197
B20: =Sheet1!F42 -> 441 | C20: =Sheet1!G42 -> 474 | D20: =AVERAGE(B20:C20) -> 457.5 | E20: =D20-$J$18 -> 258.75 | F20: =10^G20 -> 3.1622777e-10 | G20: =G19-0.5 -> -9.5 | H20: =E20*100/$J$16 -> 144.0501 | L20: =Sheet1!M2 -> 307
B21: =Sheet1!F43 -> 343 | C21: =Sheet1!G43 -> 327 | D21: =AVERAGE(B21:C21) -> 335 | E21: =D21-$J$18 -> 136.25 | F21: =10^G21 -> 1e-10 | G21: =G20-0.5 -> -10 | H21: =E21*100/$J$16 -> 75.85247 | L21: =Sheet1!M3 -> 312
B22: =Sheet1!F44 -> 334 | C22: =Sheet1!G44 -> 413 | L22: =Sheet1!M4 -> 369
L23: =Sheet1!M5 -> 385
L24: =Sheet1!M6 -> 334
L25: =Sheet1!M7 -> 413
L26: =Sheet1!M8 -> 422
L27: =Sheet1!M9 -> 353

Sheet GH
A1: Date expt | B1: =Sheet1!B11 -> 45303 | E1: =Sheet1!D12 -> 106.5 | F1: Ci/pmol
E2: =Sheet1!D13 -> 124179 | F2: cpm/pmol
E3: =Sheet1!D14 -> 0.5 | F3: ml vol
E4: =AVERAGE(Sheet1!B17:M24)*10 -> 49082.5 | F4: cpm added | G4: 5 ul of drug
A5: =Sheet1!B14 -> comment 1 | E5: =E4/(E3*E2) -> 0.79051208 | F5: nM
A6: =Sheet1!B15 -> comment 2
A7: =Sheet1!B12 -> blue
A8: Plate # | B8: Set #
A9: =Sheet1!B13 -> 1 | B9: =Sheet1!B28 -> 1
D10: average | E10: specific | F10: [drug] | G10: log [drug] | H10: % total
A11: DRUG NAME | B11: =Sheet1!H33 -> 361 | C11: =Sheet1!I33 -> 352 | H11: =J14*100/$J$14 -> 100 | L11: Plate totals | M11: Plate NSB
A12: =Sheet1!H31 -> Drug 4 | B12: =Sheet1!H34 -> 176 | C12: =Sheet1!I34 -> 197 | L12: =Sheet1!B2 -> 300 | M12: =Sheet1!C2 -> 174
B13: =Sheet1!H35 -> 161 | C13: =Sheet1!I35 -> 149 | D13: =AVERAGE(B13:C13) -> 155 | E13: =D13-$J$18 -> -43.75 | F13: =10^G13 -> 1e-07 | G13: =Sheet1!I31 -> -7 | H13: =E13*100/$J$16 -> -24.356298 | J13: Average Specific | L13: =Sheet1!B3 -> 344 | M13: =Sheet1!C3 -> 214
B14: =Sheet1!H36 -> 261 | C14: =Sheet1!I36 -> 279 | D14: =AVERAGE(B14:C14) -> 270 | E14: =D14-$J$18 -> 71.25 | F14: =10^G14 -> 3.1622777e-08 | G14: =G13-0.5 -> -7.5 | H14: =E14*100/$J$16 -> 39.665971 | J14: =AVERAGE(L12:L27) -> 378.375 | L14: =Sheet1!B4 -> 373 | M14: =Sheet1!C4 -> 212
B15: =Sheet1!H37 -> 262 | C15: =Sheet1!I37 -> 280 | D15: =AVERAGE(B15:C15) -> 271 | E15: =D15-$J$18 -> 72.25 | F15: =10^G15 -> 1e-08 | G15: =G14-0.5 -> -8 | H15: =E15*100/$J$16 -> 40.222686 | J15: Specific Bound | L15: =Sheet1!B5 -> 506 | M15: =Sheet1!C5 -> 190
B16: =Sheet1!H38 -> 387 | C16: =Sheet1!I38 -> 394 | D16: =AVERAGE(B16:C16) -> 390.5 | E16: =D16-$J$18 -> 191.75 | F16: =10^G16 -> 3.1622777e-09 | G16: =G15-0.5 -> -8.5 | H16: =E16*100/$J$16 -> 106.75017 | J16: =J14-J18 -> 179.625 | L16: =Sheet1!B6 -> 358 | M16: =Sheet1!C6 -> 265
B17: =Sheet1!H39 -> 430 | C17: =Sheet1!I39 -> 502 | D17: =AVERAGE(B17:C17) -> 466 | E17: =D17-$J$18 -> 267.25 | F17: =10^G17 -> 1e-09 | G17: =G16-0.5 -> -9 | H17: =E17*100/$J$16 -> 148.78219 | J17: Average NSB | L17: =Sheet1!B7 -> 565 | M17: =Sheet1!C7 -> 162
B18: =Sheet1!H40 -> 380 | C18: =Sheet1!I40 -> 347 | D18: =AVERAGE(B18:C18) -> 363.5 | E18: =D18-$J$18 -> 164.75 | F18: =10^G18 -> 3.1622777e-10 | G18: =G17-0.5 -> -9.5 | H18: =E18*100/$J$16 -> 91.718859 | J18: =AVERAGE(M12:M19) -> 198.75 | L18: =Sheet1!B8 -> 361 | M18: =Sheet1!C8 -> 176
B19: =Sheet1!H41 -> 314 | C19: =Sheet1!I41 -> 337 | D19: =AVERAGE(B19:C19) -> 325.5 | E19: =D19-$J$18 -> 126.75 | F19: =10^G19 -> 1e-10 | G19: =G18-0.5 -> -10 | H19: =E19*100/$J$16 -> 70.563674 | L19: =Sheet1!B9 -> 352 | M19: =Sheet1!C9 -> 197
B20: =Sheet1!H42 -> 375 | C20: =Sheet1!I42 -> 446 | D20: =AVERAGE(B20:C20) -> 410.5 | E20: =D20-$J$18 -> 211.75 | F20: =10^G20 -> 3.1622777e-11 | G20: =G19-0.5 -> -10.5 | H20: =E20*100/$J$16 -> 117.88448 | L20: =Sheet1!M2 -> 307
B21: =Sheet1!H43 -> 396 | C21: =Sheet1!I43 -> 395 | D21: =AVERAGE(B21:C21) -> 395.5 | E21: =D21-$J$18 -> 196.75 | F21: =10^G21 -> 1e-11 | G21: =G20-0.5 -> -11 | H21: =E21*100/$J$16 -> 109.53375 | L21: =Sheet1!M3 -> 312
B22: =Sheet1!H44 -> 422 | C22: =Sheet1!I44 -> 353 | L22: =Sheet1!M4 -> 369
L23: =Sheet1!M5 -> 385
L24: =Sheet1!M6 -> 334
L25: =Sheet1!M7 -> 413
L26: =Sheet1!M8 -> 422
L27: =Sheet1!M9 -> 353
